{"data": [{"file": "maths.py", "file_score": 97.17948717948717, "score_per_metric": {"Unittest": 100.0, "Pep8": 95.0, "Pylint": 92.30769230769229}}, {"file": "linear_algebra.py", "file_score": 95.0, "score_per_metric": {"Unittest": 100.0, "Pep8": 90.0, "Pylint": 87.5}}, {"file": "probabilities.py", "file_score": 88.08641975308643, "score_per_metric": {"Unittest": 81.25, "Pep8": 95.0, "Pylint": 88.88888888888889}}, {"file": "statistics.py", "file_score": 70.79059829059828, "score_per_metric": {"Unittest": 46.153846153846146, "Pep8": 95.0, "Pylint": 81.25}}], "overall_score": 87.76412630579297}