{"data": [{"file": "maths.py", "file_score": 76.8945868945869, "score_per_metric": {"Unittest": 53.84615384615385, "Pep8": 95.0, "Pylint": 93.33333333333334}}, {"file": "linear_algebra.py", "file_score": 93.33333333333333, "score_per_metric": {"Unittest": 100.0, "Pep8": 90.0, "Pylint": 80.0}}, {"file": "probabilities.py", "file_score": 97.03703703703702, "score_per_metric": {"Unittest": 100.0, "Pep8": 95.0, "Pylint": 91.66666666666666}}, {"file": "statistics.py", "file_score": 96.58119658119658, "score_per_metric": {"Unittest": 92.30769230769229, "Pep8": 100.0, "Pylint": 100.0}}], "overall_score": 90.96153846153845}