{"data": [{"file": "maths.py", "file_score": 98.41269841269842, "score_per_metric": {"Unittest": 100.0, "Pep8": 100.0, "Pylint": 92.85714285714286}}, {"file": "linear_algebra.py", "file_score": 0.0, "score_per_metric": {"Unittest": 0, "Pep8": 95.0, "Pylint": 0}}, {"file": "probabilities.py", "file_score": 81.82539682539682, "score_per_metric": {"Unittest": 68.75, "Pep8": 95.0, "Pylint": 85.71428571428571}}, {"file": "statistics.py", "file_score": 97.3015873015873, "score_per_metric": {"Unittest": 100.0, "Pep8": 95.0, "Pylint": 92.85714285714286}}], "overall_score": 69.38492063492063}