{"data": [{"file": "maths.py", "file_score": 48.376068376068375, "score_per_metric": {"Unittest": 53.84615384615385, "Pep8": 60.0, "Pylint": 0}}, {"file": "linear_algebra.py", "file_score": 57.22222222222222, "score_per_metric": {"Unittest": 50.0, "Pep8": 70.0, "Pylint": 37.5}}, {"file": "probabilities.py", "file_score": 32.22222222222222, "score_per_metric": {"Unittest": 12.5, "Pep8": 70.0, "Pylint": 0}}, {"file": "statistics.py", "file_score": 61.37973137973139, "score_per_metric": {"Unittest": 38.46153846153847, "Pep8": 85.0, "Pylint": 64.28571428571429}}], "overall_score": 49.80006105006105}