{"data": [{"file": "maths.py", "file_score": 98.88888888888889, "score_per_metric": {"Unittest": 100.0, "Pep8": 95.0, "Pylint": 100.0}}, {"file": "linear_algebra.py", "file_score": 96.72086720867209, "score_per_metric": {"Unittest": 100.0, "Pep8": 95.0, "Pylint": 90.24390243902438}}, {"file": "probabilities.py", "file_score": 98.88888888888889, "score_per_metric": {"Unittest": 100.0, "Pep8": 95.0, "Pylint": 100.0}}, {"file": "statistics.py", "file_score": 98.88888888888889, "score_per_metric": {"Unittest": 100.0, "Pep8": 95.0, "Pylint": 100.0}}], "overall_score": 98.3468834688347}