{"data": [{"file": "maths.py", "file_score": 96.54320987654322, "score_per_metric": {"Unittest": 100.0, "Pep8": 90.0, "Pylint": 94.44444444444444}}, {"file": "linear_algebra.py", "file_score": 81.72839506172839, "score_per_metric": {"Unittest": 100.0, "Pep8": 65.0, "Pylint": 52.77777777777777}}, {"file": "probabilities.py", "file_score": 95.18518518518519, "score_per_metric": {"Unittest": 100.0, "Pep8": 85.0, "Pylint": 93.33333333333334}}, {"file": "statistics.py", "file_score": 97.87878787878788, "score_per_metric": {"Unittest": 100.0, "Pep8": 95.0, "Pylint": 95.45454545454545}}], "overall_score": 92.83389450056117}