{"data": [{"file": "maths.py", "file_score": 74.12698412698413, "score_per_metric": {"Unittest": 100.0, "Pep8": 30.0, "Pylint": 53.57142857142857}}, {"file": "linear_algebra.py", "file_score": 53.76543209876544, "score_per_metric": {"Unittest": 93.75, "Pep8": 0, "Pylint": 4.444444444444446}}, {"file": "probabilities.py", "file_score": 73.79084967320262, "score_per_metric": {"Unittest": 100.0, "Pep8": 35.0, "Pylint": 47.05882352941177}}, {"file": "statistics.py", "file_score": 0.0, "score_per_metric": {"Unittest": 0, "Pep8": 95.0, "Pylint": 33.333333333333336}}], "overall_score": 50.42081647473805}