{"data": [{"file": "maths.py", "file_score": 98.0952380952381, "score_per_metric": {"Unittest": 100.0, "Pep8": 95.0, "Pylint": 96.42857142857142}}, {"file": "linear_algebra.py", "file_score": 93.33333333333333, "score_per_metric": {"Unittest": 100.0, "Pep8": 90.0, "Pylint": 80.0}}, {"file": "probabilities.py", "file_score": 96.47058823529412, "score_per_metric": {"Unittest": 100.0, "Pep8": 90.0, "Pylint": 94.11764705882354}}, {"file": "statistics.py", "file_score": 97.84946236559139, "score_per_metric": {"Unittest": 100.0, "Pep8": 100.0, "Pylint": 90.32258064516128}}], "overall_score": 96.43715550736425}