{"data": [{"file": "maths.py", "file_score": 83.67149758454107, "score_per_metric": {"Unittest": 100.0, "Pep8": 70.0, "Pylint": 56.52173913043479}}, {"file": "linear_algebra.py", "file_score": 70.40935672514621, "score_per_metric": {"Unittest": 100.0, "Pep8": 30.0, "Pylint": 36.8421052631579}}, {"file": "probabilities.py", "file_score": 48.976034858387806, "score_per_metric": {"Unittest": 62.5, "Pep8": 85.0, "Pylint": 70.58823529411765}}, {"file": "statistics.py", "file_score": 0.0, "score_per_metric": {"Unittest": 0, "Pep8": 95.0, "Pylint": 33.333333333333336}}], "overall_score": 50.76422229201877}