{"data": [{"file": "maths.py", "file_score": 90.46398046398046, "score_per_metric": {"Unittest": 84.61538461538461, "Pep8": 95.0, "Pylint": 92.85714285714286}}, {"file": "linear_algebra.py", "file_score": 38.888888888888886, "score_per_metric": {"Unittest": 62.5, "Pep8": 0, "Pylint": 0}}, {"file": "probabilities.py", "file_score": 40.370370370370374, "score_per_metric": {"Unittest": 43.75, "Pep8": 85.0, "Pylint": 50.0}}, {"file": "statistics.py", "file_score": 88.88888888888889, "score_per_metric": {"Unittest": 100.0, "Pep8": 70.0, "Pylint": 80.0}}], "overall_score": 64.65303215303214}