{"data": [{"file": "maths.py", "file_score": 83.67149758454107, "score_per_metric": {"Unittest": 100.0, "Pep8": 70.0, "Pylint": 56.52173913043479}}, {"file": "linear_algebra.py", "file_score": 70.40935672514621, "score_per_metric": {"Unittest": 100.0, "Pep8": 30.0, "Pylint": 36.8421052631579}}, {"file": "probabilities.py", "file_score": 85.05050505050505, "score_per_metric": {"Unittest": 100.0, "Pep8": 60.0, "Pylint": 72.72727272727273}}, {"file": "statistics.py", "file_score": 76.41025641025641, "score_per_metric": {"Unittest": 76.92307692307693, "Pep8": 80.0, "Pylint": 60.0}}], "overall_score": 78.88540394261219}